id,title,content
1,AI in Healthcare,Artificial intelligence is transforming hospitals by improving diagnostic accuracy and patient care with machine learning.
2,Space Exploration,NASA is planning new missions to Mars to search for signs of ancient life and explore the red planet.
3,Healthy Diet,A balanced diet rich in fruits vegetables and proteins is essential for maintaining a healthy lifestyle and long life.
4,Modern Robotics,Robotics technology is advancing with autonomous systems and human-robot interaction in manufacturing and services.
5,Climate Change,Global warming and climate change are causing rising sea levels and extreme weather patterns across the world.
6,Deep Learning,Deep learning models use neural networks to process vast amounts of data and recognize complex patterns in images.
7,Mars Missions,Exploring Mars requires advanced spacecraft and robotic rovers to study the soil and atmospheric conditions.
8,Nutrition and Health,Good nutrition involves eating whole foods and staying hydrated to support the immune system and physical health.
9,AI Ethics,The development of artificial intelligence raises important questions about ethics privacy and the future of human work.
10,Renewable Energy,Solar and wind power are key renewable energy sources that help reduce carbon emissions and fight global warming.
11,Autonomous Cars,Self-driving vehicles use AI and sensors to navigate traffic and improve road safety for passengers and pedestrians.
12,Exercise Benefits,Regular physical exercise strengthens the heart improves mood and helps in maintaining a healthy body weight.
13,Data Science,Data science combines statistics and programming to extract meaningful insights from large and complex datasets.
14,Green Technology,Sustainable technology focuses on eco-friendly innovations to protect the environment and preserve natural resources.
15,Telescope Tech,Modern telescopes allow astronomers to observe distant galaxies and study the origins of the universe in detail.
16,Machine Learning Basics,Machine learning is a subset of AI that enables computers to learn from data without explicit programming.
17,Mental Health,Mental health is as important as physical health and can be improved through mindfulness and professional support.
18,Internet of Things,IoT connects everyday devices to the internet allowing for smart homes and automated industrial systems.
19,Galaxy Discovery,Scientists have discovered a new distant galaxy that could change our understanding of cosmic evolution and time.
20,Digital Privacy,Protecting digital privacy is crucial in an era where data is collected by apps and websites constantly.